<manifest alg="2" build="2015.2.1.352" opt="true" iceEnabled="true" iceMarkupVersion="2" iceEnabledOptions="link,responsive" exportTarget="other" domain="muse-example.com" resolutions="1x" timestamp="1474647493399">
  <folder name="css">
    <file name="site_global.css" crc="3916556066"/>
    <file name="master_a-master.css" crc="238568567" ref="index"/>
    <file name="index.css" crc="3830534104" ref="index"/>
  </folder>
  <folder name="scripts">
    <file name="jquery-1.8.3.min.js" crc="169078940" ref="index"/>
    <file name="museutils.js" crc="3851988764" ref="index"/>
    <file name="whatinput.js" crc="86476730" ref="index"/>
    <file name="museconfig.js" crc="169177150" ref="index"/>
    <file name="webpro.js" crc="4067903014" ref="index"/>
    <file name="musewpslideshow.js" crc="4265225696" ref="index"/>
    <file name="jquery.museoverlay.js" crc="4075157096" ref="index"/>
    <file name="touchswipe.js" crc="474750357" ref="index"/>
    <file name="pie.js" crc="3831537696" ref="index"/>
    <file name="jquery.watch.js" crc="3842844514" ref="index"/>
    <file name="require.js" crc="4108833657" ref="index"/>
  </folder>
  <folder name="images">
    <file name="cactus.jpg" crc="3834568621" seo="true" ref="index"/>
    <file name="blank.gif" crc="4208392903" ref="index"/>
    <file name="road.jpg" crc="4257946910" seo="true" ref="index"/>
    <file name="trees.jpg" crc="4217541992" seo="true" ref="index"/>
    <file name="cactus68x45.jpg" crc="283927160" seo="true" ref="index"/>
    <file name="road68x45.jpg" crc="4242464524" seo="true" ref="index"/>
    <file name="trees68x45.jpg" crc="178231476" seo="true" ref="index"/>
    <file name="loading.gif" crc="3815509949" ref="index"/>
  </folder>
  <file name="index.html" crc="3758203617" seo="true" mt="1474647446229" redirect="true"/>
</manifest>